<?xml version="1.0" encoding="utf-8" standalone="yes"?>
<rss version="2.0" xmlns:atom="http://www.w3.org/2005/Atom">
  <channel>
    <title>About Us on Transo | Logistics Made Smarter</title>
    <link>/about/</link>
    <description>Recent content in About Us on Transo | Logistics Made Smarter</description>
    <generator>Hugo -- gohugo.io</generator>
    <language>en-us</language>
    <lastBuildDate>Fri, 01 Jan 2021 00:00:01 +0530</lastBuildDate><atom:link href="/about/index.xml" rel="self" type="application/rss+xml" />
    <item>
      <title>Resources File</title>
      <link>/about/resources/</link>
      <pubDate>Mon, 23 Dec 2019 20:17:01 +0600</pubDate>
      
      <guid>/about/resources/</guid>
      <description></description>
    </item>
    
  </channel>
</rss>
