<?xml version="1.0" encoding="utf-8" standalone="yes"?>
<rss version="2.0" xmlns:atom="http://www.w3.org/2005/Atom">
  <channel>
    <title>Transo | Logistics Made Smarter</title>
    <link>/</link>
    <description>Recent content on Transo | Logistics Made Smarter</description>
    <generator>Hugo -- gohugo.io</generator>
    <language>en-us</language>
    <lastBuildDate>Fri, 01 Jan 2021 00:00:01 +0530</lastBuildDate><atom:link href="/index.xml" rel="self" type="application/rss+xml" />
    <item>
      <title>Design Inspiration: The Best Projects From December</title>
      <link>/blog/design-inspiration-the-best-projects-from-december/</link>
      <pubDate>Tue, 24 Dec 2019 13:45:06 +0600</pubDate>
      
      <guid>/blog/design-inspiration-the-best-projects-from-december/</guid>
      <description>Black Lines brand identity, by &amp;amp; Smith Black Lines wants it to be as easy to serve a Negroni as it is a pint of lager.</description>
    </item>
    
    <item>
      <title>The 10 Biggest Rebrands and Logo Designs of 2019</title>
      <link>/blog/the-10-biggest-rebrands-and-logo-designs-of-2019/</link>
      <pubDate>Tue, 24 Dec 2019 13:40:00 +0600</pubDate>
      
      <guid>/blog/the-10-biggest-rebrands-and-logo-designs-of-2019/</guid>
      <description>Black Lines brand identity, by &amp;amp; Smith Black Lines wants it to be as easy to serve a Negroni as it is a pint of lager.</description>
    </item>
    
    <item>
      <title>Design Inspiration: The Best Projects From November</title>
      <link>/blog/design-inspiration-the-best-projects-from-november/</link>
      <pubDate>Tue, 24 Dec 2019 13:36:06 +0600</pubDate>
      
      <guid>/blog/design-inspiration-the-best-projects-from-november/</guid>
      <description>Black Lines brand identity, by &amp;amp; Smith Black Lines wants it to be as easy to serve a Negroni as it is a pint of lager.</description>
    </item>
    
    <item>
      <title>Pt Chooses Classic Blue for Its Colour of the Year 2020</title>
      <link>/blog/pt-chooses-classic-blue-for-its-colour-of-the-year-2020/</link>
      <pubDate>Tue, 24 Dec 2019 13:32:54 +0600</pubDate>
      
      <guid>/blog/pt-chooses-classic-blue-for-its-colour-of-the-year-2020/</guid>
      <description>Black Lines brand identity, by &amp;amp; Smith Black Lines wants it to be as easy to serve a Negroni as it is a pint of lager.</description>
    </item>
    
    <item>
      <title>The 10 Biggest Product Stories of 2019</title>
      <link>/blog/the-10-biggest-product-stories-of-2019/</link>
      <pubDate>Tue, 24 Dec 2019 12:58:17 +0600</pubDate>
      
      <guid>/blog/the-10-biggest-product-stories-of-2019/</guid>
      <description>Black Lines brand identity, by &amp;amp; Smith Black Lines wants it to be as easy to serve a Negroni as it is a pint of lager.</description>
    </item>
    
    <item>
      <title>KIO-TAPE BRAND</title>
      <link>/portfolio/kio-tape-2/</link>
      <pubDate>Mon, 23 Dec 2019 20:56:42 +0600</pubDate>
      
      <guid>/portfolio/kio-tape-2/</guid>
      <description>The “Seamless Watch” watch has all the features that users expect in a digital watch, and some unusual features.
The watch has the following features:</description>
    </item>
    
    <item>
      <title>Resources File</title>
      <link>/about/resources/</link>
      <pubDate>Mon, 23 Dec 2019 20:17:01 +0600</pubDate>
      
      <guid>/about/resources/</guid>
      <description></description>
    </item>
    
    <item>
      <title>USE-LESS BRAND</title>
      <link>/portfolio/use-less-brand/</link>
      <pubDate>Mon, 23 Dec 2019 15:58:10 +0600</pubDate>
      
      <guid>/portfolio/use-less-brand/</guid>
      <description>The “Seamless Watch” watch has all the features that users expect in a digital watch, and some unusual features.
The watch has the following features:</description>
    </item>
    
    <item>
      <title>OSEN CLOCK</title>
      <link>/portfolio/osen-clock/</link>
      <pubDate>Mon, 23 Dec 2019 15:56:43 +0600</pubDate>
      
      <guid>/portfolio/osen-clock/</guid>
      <description>The “Seamless Watch” watch has all the features that users expect in a digital watch, and some unusual features.
The watch has the following features:</description>
    </item>
    
    <item>
      <title>SEAMLESS WATCH</title>
      <link>/portfolio/seamless-watch/</link>
      <pubDate>Mon, 23 Dec 2019 15:55:44 +0600</pubDate>
      
      <guid>/portfolio/seamless-watch/</guid>
      <description>The “Seamless Watch” watch has all the features that users expect in a digital watch, and some unusual features.
The watch has the following features:</description>
    </item>
    
    <item>
      <title>KIO TAPE</title>
      <link>/portfolio/kio-tape/</link>
      <pubDate>Mon, 23 Dec 2019 15:44:46 +0600</pubDate>
      
      <guid>/portfolio/kio-tape/</guid>
      <description>The “Seamless Watch” watch has all the features that users expect in a digital watch, and some unusual features.
The watch has the following features:</description>
    </item>
    
  </channel>
</rss>
