<?xml version="1.0" encoding="utf-8" standalone="yes"?>
<rss version="2.0" xmlns:atom="http://www.w3.org/2005/Atom">
  <channel>
    <title>Roxo Blog on Transo | Logistics Made Smarter</title>
    <link>/blog/</link>
    <description>Recent content in Roxo Blog on Transo | Logistics Made Smarter</description>
    <generator>Hugo -- gohugo.io</generator>
    <language>en-us</language>
    <lastBuildDate>Mon, 23 Dec 2019 20:17:01 +0600</lastBuildDate><atom:link href="/blog/index.xml" rel="self" type="application/rss+xml" />
    <item>
      <title>Design Inspiration: The Best Projects From December</title>
      <link>/blog/design-inspiration-the-best-projects-from-december/</link>
      <pubDate>Tue, 24 Dec 2019 13:45:06 +0600</pubDate>
      
      <guid>/blog/design-inspiration-the-best-projects-from-december/</guid>
      <description>Black Lines brand identity, by &amp;amp; Smith Black Lines wants it to be as easy to serve a Negroni as it is a pint of lager.</description>
    </item>
    
    <item>
      <title>The 10 Biggest Rebrands and Logo Designs of 2019</title>
      <link>/blog/the-10-biggest-rebrands-and-logo-designs-of-2019/</link>
      <pubDate>Tue, 24 Dec 2019 13:40:00 +0600</pubDate>
      
      <guid>/blog/the-10-biggest-rebrands-and-logo-designs-of-2019/</guid>
      <description>Black Lines brand identity, by &amp;amp; Smith Black Lines wants it to be as easy to serve a Negroni as it is a pint of lager.</description>
    </item>
    
    <item>
      <title>Design Inspiration: The Best Projects From November</title>
      <link>/blog/design-inspiration-the-best-projects-from-november/</link>
      <pubDate>Tue, 24 Dec 2019 13:36:06 +0600</pubDate>
      
      <guid>/blog/design-inspiration-the-best-projects-from-november/</guid>
      <description>Black Lines brand identity, by &amp;amp; Smith Black Lines wants it to be as easy to serve a Negroni as it is a pint of lager.</description>
    </item>
    
    <item>
      <title>Pt Chooses Classic Blue for Its Colour of the Year 2020</title>
      <link>/blog/pt-chooses-classic-blue-for-its-colour-of-the-year-2020/</link>
      <pubDate>Tue, 24 Dec 2019 13:32:54 +0600</pubDate>
      
      <guid>/blog/pt-chooses-classic-blue-for-its-colour-of-the-year-2020/</guid>
      <description>Black Lines brand identity, by &amp;amp; Smith Black Lines wants it to be as easy to serve a Negroni as it is a pint of lager.</description>
    </item>
    
    <item>
      <title>The 10 Biggest Product Stories of 2019</title>
      <link>/blog/the-10-biggest-product-stories-of-2019/</link>
      <pubDate>Tue, 24 Dec 2019 12:58:17 +0600</pubDate>
      
      <guid>/blog/the-10-biggest-product-stories-of-2019/</guid>
      <description>Black Lines brand identity, by &amp;amp; Smith Black Lines wants it to be as easy to serve a Negroni as it is a pint of lager.</description>
    </item>
    
  </channel>
</rss>
