<?xml version="1.0" encoding="utf-8" standalone="yes"?>
<rss version="2.0" xmlns:atom="http://www.w3.org/2005/Atom">
  <channel>
    <title>Our Solution on Transo | Logistics Made Smarter</title>
    <link>/oursolution/</link>
    <description>Recent content in Our Solution on Transo | Logistics Made Smarter</description>
    <generator>Hugo -- gohugo.io</generator>
    <language>en-us</language>
    <lastBuildDate>Fri, 01 Jan 2021 00:00:01 +0530</lastBuildDate><atom:link href="/oursolution/index.xml" rel="self" type="application/rss+xml" />
  </channel>
</rss>
