<?xml version="1.0" encoding="utf-8" standalone="yes"?>
<rss version="2.0" xmlns:atom="http://www.w3.org/2005/Atom">
  <channel>
    <title>Contact Us on Transo | Logistics Made Smarter</title>
    <link>/contact/</link>
    <description>Recent content in Contact Us on Transo | Logistics Made Smarter</description>
    <generator>Hugo -- gohugo.io</generator>
    <language>en-us</language>
    <lastBuildDate>Mon, 23 Dec 2019 20:17:01 +0600</lastBuildDate><atom:link href="/contact/index.xml" rel="self" type="application/rss+xml" />
  </channel>
</rss>
