<?xml version="1.0" encoding="utf-8" standalone="yes"?>
<rss version="2.0" xmlns:atom="http://www.w3.org/2005/Atom">
  <channel>
    <title>Blogs &amp; Updates on Transo | Logistics Made Smarter</title>
    <link>/blogs-updates/</link>
    <description>Recent content in Blogs &amp; Updates on Transo | Logistics Made Smarter</description>
    <generator>Hugo -- gohugo.io</generator>
    <language>en-us</language><atom:link href="/blogs-updates/index.xml" rel="self" type="application/rss+xml" />
  </channel>
</rss>
